<?xml version="1.0" encoding="UTF-8"?>
<library xmlns:xsi="http://www.w3.org/2001/XMLSchema-instance">

    <!-- XML Data -->
    <book>
        <title>Clean Code</title>
        <author>Robert C. Martin</author>
        <year>2008</year>
        <price>39.99</price>
    </book>
    <book>
        <title>The Pragmatic Programmer</title>
        <author>Andy Hunt Dave Thomas</author>
        <year>1999</year>
        <price>29.99</price>
    </book>

    <!-- Internal XSD Schema -->
    <xs:schema xmlns:xs="http://www.w3.org/2001/XMLSchema">
        <xs:element name="library">
            <xs:complexType>
                <xs:sequence>
                    <xs:element name="book" maxOccurs="unbounded">
                        <xs:complexType>
                            <xs:sequence>
                                <xs:element name="title" type="xs:string"/>
                                <xs:element name="author" type="xs:string"/>
                                <xs:element name="year" type="xs:int"/>
                                <xs:element name="price" type="xs:decimal"/>
                            </xs:sequence>
                        </xs:complexType>
                    </xs:element>
                </xs:sequence>
            </xs:complexType>
        </xs:element>
    </xs:schema>
</library>
